{"cameraMode":{"drawMode":0,"name":"Shaded","section":"Shading Mode"},"sceneLighting":true,"audioPlay":false,"sceneViewState":{"showFog":true,"showMaterialUpdate":false,"showSkybox":false,"showFlares":true,"showImageEffects":true,"showParticleSystems":true},"in2DMode":false,"pivot":{"x":-10.126718521118164,"y":2.806062936782837,"z":1.1748325824737549},"rotation":{"x":0.049110546708106998,"y":0.8676115870475769,"z":0.08748971670866013,"w":-0.4870161712169647},"size":2.15057635307312,"orthographic":false}