{"cameraMode":{"drawMode":0,"name":"Shaded","section":"Shading Mode"},"sceneLighting":true,"audioPlay":false,"sceneViewState":{"showFog":true,"showMaterialUpdate":false,"showSkybox":false,"showFlares":true,"showImageEffects":true,"showParticleSystems":true},"in2DMode":false,"pivot":{"x":5.142466068267822,"y":14.313652992248536,"z":-30.017940521240236},"rotation":{"x":0.01067040953785181,"y":0.9892758727073669,"z":-0.09675952047109604,"w":0.10905390977859497},"size":0.26697736978530886,"orthographic":false}