{"cameraMode":{"drawMode":0,"name":"Shaded","section":"Shading Mode"},"sceneLighting":true,"audioPlay":false,"sceneViewState":{"showFog":true,"showMaterialUpdate":false,"showSkybox":false,"showFlares":true,"showImageEffects":true,"showParticleSystems":true},"in2DMode":false,"pivot":{"x":-8.545162200927735,"y":3.6698856353759767,"z":-29.799768447875978},"rotation":{"x":0.25526586174964907,"y":-0.14150956273078919,"z":0.03779783099889755,"w":0.9557262063026428},"size":3.2626969814300539,"orthographic":false}